{
    "name": "root",
    "gauges": {
        "P2Agentdef.Policy.Entropy.mean": {
            "value": 2.031186819076538,
            "min": 2.031186819076538,
            "max": 2.0704360008239746,
            "count": 3
        },
        "P2Agentdef.Policy.Entropy.sum": {
            "value": 20372.8046875,
            "min": 19903.654296875,
            "max": 21066.685546875,
            "count": 3
        },
        "P2Agentdef.Environment.EpisodeLength.mean": {
            "value": 715.4285714285714,
            "min": 715.4285714285714,
            "max": 781.6923076923077,
            "count": 3
        },
        "P2Agentdef.Environment.EpisodeLength.sum": {
            "value": 10016.0,
            "min": 9677.0,
            "max": 10162.0,
            "count": 3
        },
        "P2Agentdef.Step.mean": {
            "value": 49893.0,
            "min": 29980.0,
            "max": 49893.0,
            "count": 3
        },
        "P2Agentdef.Step.sum": {
            "value": 49893.0,
            "min": 29980.0,
            "max": 49893.0,
            "count": 3
        },
        "P2Agentdef.Policy.ExtrinsicValueEstimate.mean": {
            "value": 9.92302417755127,
            "min": 3.5837366580963135,
            "max": 9.92302417755127,
            "count": 3
        },
        "P2Agentdef.Policy.ExtrinsicValueEstimate.sum": {
            "value": 158.7683868408203,
            "min": 50.17231369018555,
            "max": 158.7683868408203,
            "count": 3
        },
        "P2Agentdef.Environment.CumulativeReward.mean": {
            "value": 197.46774155753,
            "min": 186.00082698235144,
            "max": 197.46774155753,
            "count": 3
        },
        "P2Agentdef.Environment.CumulativeReward.sum": {
            "value": 2764.54838180542,
            "min": 2283.3916091918945,
            "max": 2764.54838180542,
            "count": 3
        },
        "P2Agentdef.Policy.ExtrinsicReward.mean": {
            "value": 197.46774155753,
            "min": 186.00082698235144,
            "max": 197.46774155753,
            "count": 3
        },
        "P2Agentdef.Policy.ExtrinsicReward.sum": {
            "value": 2764.54838180542,
            "min": 2283.3916091918945,
            "max": 2764.54838180542,
            "count": 3
        },
        "P2Agentdef.IsTraining.mean": {
            "value": 1.0,
            "min": 1.0,
            "max": 1.0,
            "count": 3
        },
        "P2Agentdef.IsTraining.sum": {
            "value": 1.0,
            "min": 1.0,
            "max": 1.0,
            "count": 3
        },
        "P2Agentdef.Losses.PolicyLoss.mean": {
            "value": 0.02360798216735323,
            "min": 0.021233858121559025,
            "max": 0.02360798216735323,
            "count": 2
        },
        "P2Agentdef.Losses.PolicyLoss.sum": {
            "value": 0.02360798216735323,
            "min": 0.021233858121559025,
            "max": 0.02360798216735323,
            "count": 2
        },
        "P2Agentdef.Losses.ValueLoss.mean": {
            "value": 59.51326713562012,
            "min": 57.664329274495444,
            "max": 59.51326713562012,
            "count": 2
        },
        "P2Agentdef.Losses.ValueLoss.sum": {
            "value": 59.51326713562012,
            "min": 57.664329274495444,
            "max": 59.51326713562012,
            "count": 2
        },
        "P2Agentdef.Policy.LearningRate.mean": {
            "value": 0.00029153340282219993,
            "min": 0.00029153340282219993,
            "max": 0.00029370600209799997,
            "count": 2
        },
        "P2Agentdef.Policy.LearningRate.sum": {
            "value": 0.00029153340282219993,
            "min": 0.00029153340282219993,
            "max": 0.00029370600209799997,
            "count": 2
        },
        "P2Agentdef.Policy.Epsilon.mean": {
            "value": 0.1971778000000001,
            "min": 0.1971778000000001,
            "max": 0.19790200000000002,
            "count": 2
        },
        "P2Agentdef.Policy.Epsilon.sum": {
            "value": 0.1971778000000001,
            "min": 0.1971778000000001,
            "max": 0.19790200000000002,
            "count": 2
        },
        "P2Agentdef.Policy.Beta.mean": {
            "value": 0.004859172220000002,
            "min": 0.004859172220000002,
            "max": 0.004895309799999999,
            "count": 2
        },
        "P2Agentdef.Policy.Beta.sum": {
            "value": 0.004859172220000002,
            "min": 0.004859172220000002,
            "max": 0.004895309799999999,
            "count": 2
        }
    },
    "metadata": {
        "timer_format_version": "0.1.0",
        "start_time_seconds": "1749384238",
        "python_version": "3.10.12 (main, Jul  5 2023, 15:34:07) [Clang 14.0.6 ]",
        "command_line_arguments": "/opt/anaconda3/envs/mlagents310/bin/mlagents-learn config/def_p2.yaml --run-id=defensive_agent_v1 --resume",
        "mlagents_version": "1.1.0",
        "mlagents_envs_version": "1.1.0",
        "communication_protocol_version": "1.5.0",
        "pytorch_version": "2.2.2",
        "numpy_version": "1.23.5",
        "end_time_seconds": "1749384682"
    },
    "total": 444.13339786099823,
    "count": 1,
    "self": 0.0076379710008041,
    "children": {
        "run_training.setup": {
            "total": 0.03823082400049316,
            "count": 1,
            "self": 0.03823082400049316
        },
        "TrainerController.start_learning": {
            "total": 444.08752906599693,
            "count": 1,
            "self": 0.7439802717999555,
            "children": {
                "TrainerController._reset_env": {
                    "total": 9.245096791004471,
                    "count": 1,
                    "self": 9.245096791004471
                },
                "TrainerController.advance": {
                    "total": 434.0330849591919,
                    "count": 32830,
                    "self": 0.7260504661098821,
                    "children": {
                        "env_step": {
                            "total": 422.647567268461,
                            "count": 32830,
                            "self": 385.497790621077,
                            "children": {
                                "SubprocessEnvManager._take_step": {
                                    "total": 36.63038484178833,
                                    "count": 32830,
                                    "self": 1.949965579136915,
                                    "children": {
                                        "TorchPolicy.evaluate": {
                                            "total": 34.68041926265141,
                                            "count": 32787,
                                            "self": 34.68041926265141
                                        }
                                    }
                                },
                                "workers": {
                                    "total": 0.5193918055956601,
                                    "count": 32829,
                                    "self": 0.0,
                                    "children": {
                                        "worker_root": {
                                            "total": 370.90353267267346,
                                            "count": 32829,
                                            "is_parallel": true,
                                            "self": 83.16909660887904,
                                            "children": {
                                                "steps_from_proto": {
                                                    "total": 0.003147353003441822,
                                                    "count": 1,
                                                    "is_parallel": true,
                                                    "self": 0.0013995280096423812,